n_b;n_a;stride;training_length;input;output;runtime
10;1;4096;20;1001100111;0000000000;312963
10;1;4096;20;1001100111;0000000111;253307
10;1;4096;20;1111111010;0000000000;161573
10;1;4096;20;0100111010;0100111010;174138
10;1;4096;20;1111011101;1111011101;172837
10;1;4096;20;0100011011;0000000000;269441
10;1;4096;20;0110111101;0110111101;172863
10;1;4096;20;1111110101;0000000000;198200
10;1;4096;20;0001111000;0001111000;148406
10;1;4096;20;1000000011;1000000011;176563
10;1;4096;20;0001101111;0000000111;227504
10;1;4096;20;1010111111;0000000000;168920
10;1;4096;20;1011010000;0000000000;150163
10;1;4096;20;0110101010;0110101010;159822
10;1;4096;20;0000011011;1111111111;163612
10;1;4096;20;1011010101;1011010101;149032
10;1;4096;20;0101111100;0000000000;288105
10;1;4096;20;0110111001;0110111001;155554
10;1;4096;20;1001010110;1111111111;194968
10;1;4096;20;0000011001;1111111111;162307
10;1;4096;20;1011000111;0000000111;247593
10;1;4096;20;1100110000;0000000000;158307
10;1;4096;20;1011000010;0000000000;166994
10;1;4096;20;1000001110;1000001110;149493
10;1;4096;20;1101001001;1111111111;157443
10;1;4096;20;0011011101;0000000000;167907
10;1;4096;20;1010110101;0000010101;199404
10;1;4096;20;1000100101;1000100101;219086
10;1;4096;20;0101110011;0000000000;158958
10;1;4096;20;1101110111;1101110111;153076
10;1;4096;20;1110100101;1110100101;197298
10;1;4096;20;1001001000;0000000000;149685
10;1;4096;20;1000001010;1000001010;153272
10;1;4096;20;0111100111;0111100111;148258
10;1;4096;20;0001000110;0000000000;200502
10;1;4096;20;1110001000;1110001000;168718
10;1;4096;20;0011100100;0011100100;149417
10;1;4096;20;0110110111;0110110111;159416
10;1;4096;20;0001101000;0000000000;157549
10;1;4096;20;0000011100;0000011100;158396
10;1;4096;20;0110011010;0000000000;166148
10;1;4096;20;1001101101;0000000000;159376
10;1;4096;20;0001000110;0000000000;159354
10;1;4096;20;1101000100;1101000100;158710
10;1;4096;20;0011111001;0000001000;161267
10;1;4096;20;1110010010;0000000000;267408
10;1;4096;20;0101000101;0000000000;152193
10;1;4096;20;1111000110;1111000110;158368
10;1;4096;20;1111100111;0000000000;186531
10;1;4096;20;0111111100;0000000000;150587
10;1;4096;20;1000101010;0000000000;159709
10;1;4096;20;0010011001;0000000000;162456
10;1;4096;20;0110100010;1111111111;156700
10;1;4096;20;0010011110;0000000110;276935
10;1;4096;20;1000001000;0000000000;194478
10;1;4096;20;0101000110;0000000000;218078
10;1;4096;20;1000111111;1111111111;155318
10;1;4096;20;0111011010;0000000000;146768
10;1;4096;20;1101101001;0000000000;231271
10;1;4096;20;1111101111;0000001011;309412
10;1;4096;20;0000111001;0000111001;198432
10;1;4096;20;0000110010;0000000000;161702
10;1;4096;20;1011000010;1011000010;162711
10;1;4096;20;1000101011;0000000000;187847
10;1;4096;20;0010101000;0000000000;143248
10;1;4096;20;0101100001;0101100001;157044
10;1;4096;20;0100010111;0000000000;247799
10;1;4096;20;1110001111;0000000000;161549
10;1;4096;20;1010001010;0000000000;155528
10;1;4096;20;0100011101;0000000000;174622
10;1;4096;20;1001000000;1001000000;155648
10;1;4096;20;0010010100;0000000000;157301
10;1;4096;20;0110111110;0000000000;159396
10;1;4096;20;0000010000;0000000000;220928
10;1;4096;20;1101110110;0000000000;155533
10;1;4096;20;1111010011;0000000000;153984
10;1;4096;20;0011100001;0000000000;187734
10;1;4096;20;1010110010;0000000000;159237
10;1;4096;20;0001110000;0000110000;234656
10;1;4096;20;1000000011;0000100001;150886
10;1;4096;20;0101000011;0000000000;144126
10;1;4096;20;1000011100;1000011100;156774
10;1;4096;20;0011010111;0011010111;157932
10;1;4096;20;1111110001;0000000000;225610
10;1;4096;20;0000000101;0000000101;158965
10;1;4096;20;0101110011;0000000000;160831
10;1;4096;20;0101001110;0101001110;159854
10;1;4096;20;0010101111;0010101111;150543
10;1;4096;20;1101110001;1101110001;193351
10;1;4096;20;1001000001;1001000001;153494
10;1;4096;20;0000001011;0000001011;155963
10;1;4096;20;0100110111;0000000000;160034
10;1;4096;20;1000111011;1111111111;149214
10;1;4096;20;0010001110;0000000000;152080
10;1;4096;20;0010100001;0010100001;156163
10;1;4096;20;0100100000;0000000000;159354
10;1;4096;20;1000000001;0000000000;159727
10;1;4096;20;0001001110;0001001110;146867
10;1;4096;20;1111001101;0000000000;211399
10;1;4096;20;0010010100;0000000000;177628
10;2;4096;20;10011100011001100111;10011100011001100111;183954
10;2;4096;20;10011100011001100111;00000000000000000000;238719
10;2;4096;20;01000111111111111010;01000111111111111010;186978
10;2;4096;20;10001101000100111010;00000000000000000000;176115
10;2;4096;20;00100011001111011101;00100011001111011101;180414
10;2;4096;20;10101101110100011011;00000000000000000000;323826
10;2;4096;20;10001011100110111101;10001011100110111101;175782
10;2;4096;20;10110100001111110101;00000000000000000000;240457
10;2;4096;20;00101001100001111000;00101001100001111000;287383
10;2;4096;20;01010111001000000011;01010111001000000011;251645
10;2;4096;20;01101001100001101111;00000000000000000000;183222
10;2;4096;20;01011001011010111111;01011001011010111111;182562
10;2;4096;20;00101001001011010000;00000000000000000000;182976
10;2;4096;20;11110111110110101010;11110111110110101010;193125
10;2;4096;20;01111000010000011011;01111000010000011011;220177
10;2;4096;20;11010110011011010101;00000000000000000000;188277
10;2;4096;20;10011111110101111100;11111111111111111111;199214
10;2;4096;20;11111010110110111001;00000000000000111000;247457
10;2;4096;20;11110001111001010110;11110001111001010110;176825
10;2;4096;20;10000111100000011001;00000000000000011001;211737
10;2;4096;20;00010101001011000111;00010101001011000111;185068
10;2;4096;20;10100000111100110000;10100000111100110000;198930
10;2;4096;20;00101111001011000010;00000000000000000000;176789
10;2;4096;20;11101001111000001110;00000000000000000000;177372
10;2;4096;20;00001110101101001001;00001110101101001001;227284
10;2;4096;20;11000110110011011101;00000000000000000000;191184
10;2;4096;20;10001000111010110101;10001000111010110101;178436
10;2;4096;20;11001001101000100101;11001001101000100101;172825
10;2;4096;20;10000000100101110011;00000000000101110011;244353
10;2;4096;20;01000100111101110111;11111111111111111111;215498
10;2;4096;20;11101011101110100101;11101011101110100101;200774
10;2;4096;20;10111010111001001000;00000000000000000000;207234
10;2;4096;20;10000110101000001010;11111101111111011111;200028
10;2;4096;20;00000101010111100111;00000000000000000000;185301
10;2;4096;20;01100000100001000110;00000000000000000000;346860
10;2;4096;20;10011000111110001000;10011000111110001000;205763
10;2;4096;20;00110100100011100100;00110100100011100100;179848
10;2;4096;20;01110100100110110111;00000000000000000000;202892
10;2;4096;20;11001000010001101000;00000000000000000000;185213
10;2;4096;20;00111011100000011100;00111011100000010000;201946
10;2;4096;20;01011010100110011010;00000000000000000000;205364
10;2;4096;20;11001011001001101101;00000000000000000000;241185
10;2;4096;20;00010110010001000110;00010110010001000110;181921
10;2;4096;20;10010101111101000100;00000000000000000000;232992
10;2;4096;20;10011101110011111001;10011101110011111001;177965
10;2;4096;20;10110000101110010010;00000000000000000000;243544
10;2;4096;20;10001110110101000101;10001110110101000101;208379
10;2;4096;20;10110100001111000110;10110100001111000110;176541
10;2;4096;20;10101100011111100111;10101100011111100111;194002
10;2;4096;20;10110100010111111100;00000000000000000000;177737
10;2;4096;20;01100111111000101010;01100111111000101010;293081
10;2;4096;20;11110111010010011001;11110111010010011001;191035
10;2;4096;20;10000111010110100010;00000000000000000000;173111
10;2;4096;20;11100101000010011110;00000000000000011100;666118
10;2;4096;20;00001111101000001000;00000000000000000000;183240
10;2;4096;20;10101010110101000110;10101010110101000110;178000
10;2;4096;20;01010110011000111111;01010110011000111111;193335
10;2;4096;20;10001010110111011010;00000000000000000000;184469
10;2;4096;20;10011110001101101001;10011110001101101001;195826
10;2;4096;20;11000001011111101111;00000000000000000000;310794
10;2;4096;20;01011010000000111001;00000010000000111001;191305
10;2;4096;20;10100010100000110010;10100010100000110010;171532
10;2;4096;20;01101000001011000010;00000000000000000000;260708
10;2;4096;20;00000110001000101011;00000000000000000000;190664
10;2;4096;20;11011111110010101000;11011111110010101000;169932
10;2;4096;20;10001010010101100001;10001010010101100001;239164
10;2;4096;20;00001101010100010111;00000000000000000000;196237
10;2;4096;20;11110101101110001111;11110101101110001111;178324
10;2;4096;20;10000110001010001010;00000000000000000000;178003
10;2;4096;20;11101001100100011101;11101001100100011101;247806
10;2;4096;20;10010000111001000000;00000000000000000000;247998
10;2;4096;20;00110011010010010100;00110011010010010100;180678
10;2;4096;20;10010100110110111110;11111111111111111101;199637
10;2;4096;20;10110011110000010000;00000000000000000000;259097
10;2;4096;20;00101100011101110110;11111110011101111101;225315
10;2;4096;20;10100011111111010011;10100011111111010011;179540
10;2;4096;20;01111100100011100001;00000000000000000000;184190
10;2;4096;20;01010111101010110010;01010111101010110010;189266
10;2;4096;20;11011110010001110000;11011110010001110000;237777
10;2;4096;20;10000000101000000011;00000000000000000000;176863
10;2;4096;20;00001010000101000011;00000000000000000000;165840
10;2;4096;20;10011110111000011100;00000000000000000000;179614
10;2;4096;20;10100110010011010111;10100110010011010111;176377
10;2;4096;20;11000010101111110001;11000010101111110001;231686
10;2;4096;20;10110001010000000101;00000000000000000000;200493
10;2;4096;20;10010101010101110011;11011111011111111111;192441
10;2;4096;20;10101110100101001110;00000000000000000000;178395
10;2;4096;20;11000000100010101111;00000000000000000000;175556
10;2;4096;20;01010000011101110001;00000000000000000000;178304
10;2;4096;20;10101101011001000001;10101101011001000001;174038
10;2;4096;20;01101101010000001011;01101101010000001011;173005
10;2;4096;20;11010110000100110111;00000000000000000000;181969
10;2;4096;20;00000000101000111011;00000000101000111011;184338
10;2;4096;20;10010110000010001110;00000000000000000000;276988
10;2;4096;20;11111110110010100001;00000000000000000000;204296
10;2;4096;20;10111100110100100000;00000000000000000000;249981
10;2;4096;20;00111101101000000001;00000000000000000000;402002
10;2;4096;20;01001010010001001110;01001010010001001110;250168
10;2;4096;20;10110010111111001101;10110010111111001101;188208
10;2;4096;20;01011101010010010100;00000000000000000000;193954
10;3;4096;20;110011011010011100011001100111;000000000000000000000000000000;195880
10;3;4096;20;110011011010011100011001100111;000000000000000000000000000000;192110
10;3;4096;20;001111010001000111111111111010;110110110110110110110110110110;310831
10;3;4096;20;101000110110001101000100111010;101000110110001101000100111010;208137
10;3;4096;20;011110010000100011001111011101;011110010000100011001111011101;213069
10;3;4096;20;001000011010101101110100011011;001000011010101101110100011011;261277
10;3;4096;20;110001000110001011100110111101;000000000000000000000000000000;220404
10;3;4096;20;101111001110110100001111110101;000000000000000100001111000101;301598
10;3;4096;20;111101001000101001100001111000;000000000000000000000000000000;362099
10;3;4096;20;010111101001010111001000000011;110110110110110110110110110110;264638
10;3;4096;20;110101001001101001100001101111;000000000000000000000000000000;266417
10;3;4096;20;001101011101011001011010111111;001101011101011001011010111111;293122
10;3;4096;20;000000101100101001001011010000;000000000000000000000000000000;229923
10;3;4096;20;001111101111110111110110101010;000000000000000000000000000000;227827
10;3;4096;20;011010000101111000010000011011;011010000101111000010000011011;353619
10;3;4096;20;000111001111010110011011010101;000111001111010110011011010101;206967
10;3;4096;20;001100100010011111110101111100;110110110110110110110110110110;202357
10;3;4096;20;000011011111111010110110111001;000011011111111010110110111001;194989
10;3;4096;20;011111010011110001111001010110;000000000000000001111001010110;245862
10;3;4096;20;001010001110000111100000011001;001010000110000111100000011001;213063
10;3;4096;20;000111011000010101001011000111;000000000000000000000000000000;210969
10;3;4096;20;100010001110100000111100110000;100010001110100000111100110000;197393
10;3;4096;20;010001111100101111001011000010;010001111100101111001011000010;210296
10;3;4096;20;010010000111101001111000001110;000000000000000000111000001110;330670
10;3;4096;20;111101111100001110101101001001;111101111100001110101101001001;197966
10;3;4096;20;111000000011000110110011011101;111000000011000110110011011101;269304
10;3;4096;20;101001110110001000111010110101;000000000000000000000000000000;211736
10;3;4096;20;101000011111001001101000100101;101000011111001001101000100101;235587
10;3;4096;20;001000000010000000100101110011;100000010000000000000000000000;314925
10;3;4096;20;010101101001000100111101110111;000000000000000000000000000000;326568
10;3;4096;20;011001111111101011101110100101;011001111111101011101110100101;206529
10;3;4096;20;101100000010111010111001001000;101100000010111010111001001000;204018
10;3;4096;20;100001110110000110101000001010;001001110110110110010000001010;233218
10;3;4096;20;111101010100000101010111100111;110110110110110110110110110110;214482
10;3;4096;20;101110100101100000100001000110;000000000000000000000000000000;204607
10;3;4096;20;001100111110011000111110001000;000000000000000000000000000000;254810
10;3;4096;20;010000110100110100100011100100;000000000000000000000000000000;311489
10;3;4096;20;111111111001110100100110110111;111111111001110100100110110111;209601
10;3;4096;20;001010111111001000010001101000;000000000000000000000000000000;211774
10;3;4096;20;110001111000111011100000011100;110001111000111011100000011000;207248
10;3;4096;20;011010000001011010100110011010;000000000000000000000000000000;197809
10;3;4096;20;001101010011001011001001101101;001101010011001011001001101101;210555
10;3;4096;20;101001001100010110010001000110;101001001100010110010001000110;260609
10;3;4096;20;011010110010010101111101000100;011010110010010101111101000100;265324
10;3;4096;20;010100001110011101110011111001;010100001110011101110011111001;309941
10;3;4096;20;111011001110110000101110010010;111011001110110000101110010010;204236
10;3;4096;20;001101110110001110110101000101;000000000000000000000000000000;218239
10;3;4096;20;100101111110110100001111000110;100101111110110100001111000110;210025
10;3;4096;20;101100000010101100011111100111;000000000000000000000000000000;204992
10;3;4096;20;011100111110110100010111111100;000000000000000000000000000000;195275
10;3;4096;20;101101000001100111111000101010;101101000001100111111000101010;195765
10;3;4096;20;101001100011110111010010011001;101001100011110111010010011001;323937
10;3;4096;20;101010000010000111010110100010;101010000010000111010110100010;295683
10;3;4096;20;010111000011100101000010011110;000000000000000000000000000000;205310
10;3;4096;20;001001010000001111101000001000;001001010000001111000000001000;224092
10;3;4096;20;101011000110101010110101000110;101011000110101010110000000110;273734
10;3;4096;20;011101100001010110011000111111;011101100001010110011000111111;325149
10;3;4096;20;010000001010001010110111011010;010000001010001010110111011010;209852
10;3;4096;20;101111100110011110001101101001;000000000000000000000000000000;297188
10;3;4096;20;010100000011000001011111101111;000000000000000000000000000000;254617
10;3;4096;20;111001110001011010000000111001;111001110001011010000000111001;328476
10;3;4096;20;001011111110100010100000110010;001011111110100010100000110010;198537
10;3;4096;20;100000111001101000001011000010;000000000000000000000000000000;276600
10;3;4096;20;000111001000000110001000101011;000111001000000110001000101011;342096
10;3;4096;20;011000111011011111110010101000;000000111011011111110010101000;199543
10;3;4096;20;001010001110001010010101100001;110110110110110110110110110110;204559
10;3;4096;20;000010101100001101010100010111;000000000000000000000000000000;210747
10;3;4096;20;011111001011110101101110001111;000000000000000101101110001111;447834
10;3;4096;20;001100110110000110001010001010;000000000000000000000000000000;227499
10;3;4096;20;010000101111101001100100011101;000000000000000000000000000000;208960
10;3;4096;20;011000101010010000111001000000;011000101010010000111001000000;212260
10;3;4096;20;111011000000110011010010010100;000000000000000000000000000000;197580
10;3;4096;20;011011000010010100110110111110;011011000010010100110110111110;242374
10;3;4096;20;001011010110110011110000010000;000000000000000011110000010000;273072
10;3;4096;20;101011100000101100011101110110;101011100000101100011101110110;201331
10;3;4096;20;011001011110100011111111010011;000000000000000011111111010011;359091
10;3;4096;20;011110001101111100100011100001;011110001101111100100011100001;217957
10;3;4096;20;010010110001010111101010110010;000000000000000000000000000000;198937
10;3;4096;20;100001010011011110010001110000;000000000000000000000000000000;192570
10;3;4096;20;010010010110000000101000000011;000000000000000000101000000011;267482
10;3;4096;20;100010001100001010000101000011;100010001100001010000101000011;360176
10;3;4096;20;111111011110011110111000011100;000000000000000000000000000000;203650
10;3;4096;20;110001011110100110010011010111;110001011110100110010011010111;202237
10;3;4096;20;111110111111000010101111110001;000000000000000000000000000000;199222
10;3;4096;20;010000001010110001010000000101;000000000000000000000000000000;208198
10;3;4096;20;010101011010010101010101110011;000000000000000000000000000000;189437
10;3;4096;20;001000000010101110100101001110;000000000000000000000000000000;238351
10;3;4096;20;111001000111000000100010101111;000000000000000000000000000000;211193
10;3;4096;20;001010110001010000011101110001;000000000000000000000000000000;198763
10;3;4096;20;100111101110101101011001000001;000000000000000000000000000000;664205
10;3;4096;20;111100111101101101010000001011;111100111101101101010000001011;206435
10;3;4096;20;101001001011010110000100110111;110110110110110110110110110110;215811
10;3;4096;20;001101010000000000101000111011;000101010000000000101000111011;235198
10;3;4096;20;010100100110010110000010001110;000000000000000000000000000000;239949
10;3;4096;20;100111000011111110110010100001;100111000011111110110010100001;206809
10;3;4096;20;001011000110111100110100100000;001011000110111100110100100000;336863
10;3;4096;20;010011100000111101101000000001;010011100000111101101000000001;298021
10;3;4096;20;101100100001001010010001001110;101100100001001010010001001110;290400
10;3;4096;20;011011101110110010111111001101;011011101110110010111111001101;212557
10;3;4096;20;110101000101011101010010010100;110101000101011101010010010100;209948
10;4;4096;20;0101000101110011011010011100011001100111;0000000000000000000000000000000000000000;325839
10;4;4096;20;0101000101110011011010011100011001100111;0101111111010101011010011100011001100111;415640
10;4;4096;20;1101010101001111010001000111111111111010;1101010101001111010000000111111111111010;340409
10;4;4096;20;0101000100101000110110001101000100111010;0000000000000000000000000000000000000000;254659
10;4;4096;20;1111001100011110010000100011001111011101;1111001100011110010000100011001111011101;242910
10;4;4096;20;0110110000001000011010101101110100011011;0000000000000000000010101101110100011011;308307
10;4;4096;20;1010110000110001000110001011100110111101;0000000000000000000000000000000000000000;300872
10;4;4096;20;0110110110101111001110110100001111110101;0110110110101111001110110000001111110101;276221
10;4;4096;20;0101011101111101001000101001100001111000;0000000000000000000000000000000000000000;250787
10;4;4096;20;0111001001010111101001010111001000000011;0000000000000000000000000000000000000000;255024
10;4;4096;20;0000001000110101001001101001100001101111;0000000000000000000000000000000000000000;280996
10;4;4096;20;0010101100001101011101011001011010111111;0000000000000000000000000000000000000000;235818
10;4;4096;20;0011101111000000101100101001001011010000;0000000000000000000000000000000000000000;297216
10;4;4096;20;0111110010001111101111110111110110101010;0111110010001111101111110111110110101010;258163
10;4;4096;20;0000000101011010000101111000010000011011;0110011001100110011001100110011001100100;250136
10;4;4096;20;0101000010000111001111010110011011010101;0110011001100110011001100110011001100110;420627
10;4;4096;20;1100001101001100100010011111110101111100;1100001101001100100010011111110101111100;276376
10;4;4096;20;1001111100000011011111111010110110111001;0000000000000000000000000000000000000000;252024
10;4;4096;20;0000010011011111010011110001111001010110;0000000000000000000000000000000000000000;248581
10;4;4096;20;1100011100001010001110000111100000011001;1100011100001010001110000111100000011001;240778
10;4;4096;20;1011100001000111011000010101001011000111;0000000000000000000000000000000000000000;252386
10;4;4096;20;0110000001100010001110100000111100110000;0110000001100010001110100000111100110000;340910
10;4;4096;20;0110110010010001111100101111001011000010;0110110010010001111100101111001011000010;371668
10;4;4096;20;1001100010010010000111101001111000001110;0000000000000000000000000000000000000000;368756
10;4;4096;20;1101110101111101111100001110101101001001;0000000000000000000000000000000000000000;373168
10;4;4096;20;1011000001111000000011000110110011011101;1011000001111000000011000110110011011101;385602
10;4;4096;20;1010001100101001110110001000111010110101;0000000000000000000000000000000000000000;268065
10;4;4096;20;1000110000101000011111001001101000100101;0000000000000000000000000000000000000000;278172
10;4;4096;20;1000110001001000000010000000100101110011;0000000000000000000000000000000000000000;370475
10;4;4096;20;0011111101010101101001000100111101110111;0011111101010101101001000100111101110111;242370
10;4;4096;20;0001110000011001111111101011101110100101;0000000000000000000000000000000000000000;243065
10;4;4096;20;0110011101101100000010111010111001001000;0110011101101100000010111010111001001000;246101
10;4;4096;20;1001110110100001110110000110101000001010;0000000000000000000000000000000000000000;285337
10;4;4096;20;0010000110111101010100000101010111100111;0000000000000000000000000000010111100111;354839
10;4;4096;20;1111001010101110100101100000100001000110;1111001010101110100101100000100001000110;266494
10;4;4096;20;1000001100001100111110011000111110001000;0000000000000000000000000000000000000000;262333
10;4;4096;20;0101110110010000110100110100100011100100;0101110110010000110100110100100011100100;269527
10;4;4096;20;0011110011111111111001110100100110110111;0010011001100110011001100110011001100110;245815
10;4;4096;20;0100010001001010111111001000010001101000;0100010001001010111111001000000001101000;714803
10;4;4096;20;1011000100110001111000111011100000011100;0000000000000000000000000000000000000000;295620
10;4;4096;20;1000001101011010000001011010100110011010;1000001101011010000001011010100110011010;247771
10;4;4096;20;1111101001001101010011001011001001101101;1111101001001101010011001011001001101101;244450
10;4;4096;20;0110010000101001001100010110010001000110;0110010000101001001100010110010001000110;266897
10;4;4096;20;0101100011011010110010010101111101000100;0000000000000000000000000000000000000000;323729
10;4;4096;20;1001010101010100001110011101110011111001;0000000000000000000000000000000000000000;269353
10;4;4096;20;1111111101111011001110110000101110010010;0000000000000000000000000000000000000000;366914
10;4;4096;20;1111000001001101110110001110110101000101;1111000001001101110110001110110101000101;243858
10;4;4096;20;0010101010100101111110110100001111000110;0000000000000000000000000000000000000000;314403
10;4;4096;20;1011110011101100000010101100011111100111;1011000011101100000010101100011111100111;393113
10;4;4096;20;1011010101011100111110110100010111111100;1011010101011100111110110100010111111100;248895
10;4;4096;20;1011011110101101000001100111111000101010;0000000000000000000000000000000000000000;244088
10;4;4096;20;1111101010101001100011110111010010011001;0000000000000000000011110000010000000000;582956
10;4;4096;20;0001111110101010000010000111010110100010;0001111110101010000010000111010110100010;283128
10;4;4096;20;0000010010010111000011100101000010011110;0000010010010111000011100101000010011110;245999
10;4;4096;20;1101010110001001010000001111101000001000;1101010110001001010000001111101000001000;287746
10;4;4096;20;1101001011101011000110101010110101000110;0000000000000000000000000000000000000000;273395
10;4;4096;20;0010100011011101100001010110011000111111;0000000000000000000000000000000000000000;253972
10;4;4096;20;1001111101010000001010001010110111011010;0000000000000000000000001010110111011010;363202
10;4;4096;20;1110001110101111100110011110001101101001;0110011001100110011001100110011001100110;330826
10;4;4096;20;0101010000010100000011000001011111101111;0101010000010100000011000001011111101111;270332
10;4;4096;20;1000000010111001110001011010000000111001;0000000000000000000000000000000000000000;247548
10;4;4096;20;1100000100001011111110100010100000110010;0000000000000000000000000010100000110010;410123
10;4;4096;20;0100110100100000111001101000001011000010;0100110100100000111001101000001011000010;248466
10;4;4096;20;0011111110000111001000000110001000101011;0000000000000000000000000000000000000000;248849
10;4;4096;20;0011010111011000111011011111110010101000;0000000000000000000000000000000000000000;257378
10;4;4096;20;0100011001001010001110001010010101100001;0100011001001010001110001010010101100000;255645
10;4;4096;20;1111010111000010101100001101010100010111;1111010111000010101100001101010100000111;313100
10;4;4096;20;1001010110011111001011110101101110001111;0000000000000000000000000000000000000000;246444
10;4;4096;20;0000011100001100110110000110001010001010;0000000000000000000000000000000000000000;272741
10;4;4096;20;0101110000010000101111101001100100011101;0101110000010000101111101001100100011101;256833
10;4;4096;20;0000111101011000101010010000111001000000;0000000000000000000000000000000000000000;239531
10;4;4096;20;0011101000111011000000110011010010010100;0000000000000000000000000000000000000000;245993
10;4;4096;20;1010010011011011000010010100110110111110;0000000000000000000000000000000000000000;240570
10;4;4096;20;0000101010001011010110110011110000010000;0000000000000000000000000000000000000000;382594
10;4;4096;20;1101110110101011100000101100011101110110;0000000000000000000000000000000000000000;286127
10;4;4096;20;1011110010011001011110100011111111010011;0000000000000000000000000000000000000000;318462
10;4;4096;20;1011000101011110001101111100100011100001;1011000101011110001101111100100011100001;246229
10;4;4096;20;1010110111010010110001010111101010110010;1010110111010010110001010111101010110010;283858
10;4;4096;20;0110111111100001010011011110010001110000;0110111111100001010011011110010001110000;309386
10;4;4096;20;0101101000010010010110000000101000000011;0101101000010010010110000000101000000011;244370
10;4;4096;20;0001110001100010001100001010000101000011;0000000000000000000000000000000000000000;279438
10;4;4096;20;0101111110111111011110011110111000011100;0000000000000000000000000000111000011100;290714
10;4;4096;20;0111010000110001011110100110010011010111;0000000000000000000000000000000000000000;357580
10;4;4096;20;0011010110111110111111000010101111110001;0011010110111110111111000010101111110001;238759
10;4;4096;20;0101101111010000001010110001010000000101;0000000000000000000000000000000000000000;421276
10;4;4096;20;1011100100010101011010010101010101110011;0000000000000000000000000000000000000000;282426
10;4;4096;20;1100100010001000000010101110100101001110;1100100010001000000010101110100101001110;253281
10;4;4096;20;0101110001111001000111000000100010101111;0000000000000000000000000000000000000000;415330
10;4;4096;20;0010110111001010110001010000011101110001;0010110111001010110001010000011101110001;263672
10;4;4096;20;1000001010100111101110101101011001000001;0000000000000000000000000000000000000000;324984
10;4;4096;20;1011010101111100111101101101010000001011;0000000000000000000000000000000000000000;274808
10;4;4096;20;0101010000101001001011010110000100110111;0101010000100000001011010110000100110111;244857
10;4;4096;20;1101101111001101010000000000101000111011;0000000000000000000000000000101000001011;469939
10;4;4096;20;0111101001010100100110010110000010001110;0111101001010100100110010110000010001110;247079
10;4;4096;20;1001100010100111000011111110110010100001;1001100010100111000011111110110010100001;252000
10;4;4096;20;0010000111001011000110111100110100100000;0000000000000000000000000000000000000000;344603
10;4;4096;20;1111000101010011100000111101101000000001;1111000101010011100000111101101000000001;252928
10;4;4096;20;0101011110101100100001001010010001001110;0110011001100110011001100110011001000110;302748
10;4;4096;20;1000100110011011101110110010111111001101;1000100110011011101110110010111111001101;252265
10;4;4096;20;1011000110110101000101011101010010010100;0000000000000000000000000000000000000000;267988
10;5;4096;20;10111111110101000101110011011010011100011001100111;00000000000000000000000000000000000000000000000000;357007
10;5;4096;20;10111111110101000101110011011010011100011001100111;11001110011100111001110011100111001110011100111001;551017
10;5;4096;20;00110100101101010101001111010001000111111111111010;00110000001101010101001111010001000111111111111010;444854
10;5;4096;20;00011111000101000100101000110110001101000100111010;00000000000000000000000000000010001000000100111010;583619
10;5;4096;20;01000110011111001100011110010000100011001111011101;01000110011111001100011110010000100011001111011101;381434
10;5;4096;20;00111100000110110000001000011010101101110100011011;11001110011100111001110011100111001110011100111001;355940
10;5;4096;20;10011101011010110000110001000110001011100110111101;00000000000000000000000000000000000000000000000000;323130
10;5;4096;20;10000110110110110110101111001110110100001111110101;00000000000000000000000000000000000000000000000000;419016
10;5;4096;20;10110011010101011101111101001000101001100001111000;10110011010101011101111101001000101001100001111000;431520
10;5;4096;20;00100111010111001001010111101001010111001000000011;00000000000000000000000000000000000000000000000000;475783
10;5;4096;20;11110010010000001000110101001001101001100001101111;11110010010000001000110101001001101001100001101111;349572
10;5;4096;20;01011001110010101100001101011101011001011010111111;00000000000000000000000000000000000000000000000000;323684
10;5;4096;20;01111101110011101111000000101100101001001011010000;00000000000000000000000000000000000000000000000000;436930
10;5;4096;20;00111110000111110010001111101111110111110110101010;00111110000111110010001111101111110111110110101010;334723
10;5;4096;20;11101101000000000101011010000101111000010000011011;00000000000000000000000000000000000000000000000000;506380
10;5;4096;20;10000100010101000010000111001111010110011011010101;00000000000000000000000000000000000000000000000000;636426
10;5;4096;20;11100111111100001101001100100010011111110101111100;11100111111100001101001100100010011111110101111100;319398
10;5;4096;20;01000011111001111100000011011111111010110110111001;00000000000000000000000001011111111000000110100000;398948
10;5;4096;20;11001011100000010011011111010011110001111001010110;00000000000000000000000000000000000000000000000000;349671
10;5;4096;20;01011101111100011100001010001110000111100000011001;01011101111100011100001010001110000111100000011001;325591
10;5;4096;20;10111111011011100001000111011000010101001011000111;10111111010000000001000111011000010101001011000111;322746
10;5;4096;20;11010011110110000001100010001110100000111100110000;11010011110110000001100010001110100000111100110000;502338
10;5;4096;20;01101001110110110010010001111100101111001011000010;00000000000000000000000000000000101111001011000010;393142
10;5;4096;20;00110111101001100010010010000111101001111000001110;00110111101001100010010010000111101001111000001110;313943
10;5;4096;20;10101000011101110101111101111100001110101101001001;00000000000000000000000000000000001110101101000000;432217
10;5;4096;20;11100110011011000001111000000011000110110011011101;00000000000000000000000000000000000000000000000000;583451
10;5;4096;20;10011101011010001100101001110110001000111010110101;00000000000000000000000000000000000000000000000000;323795
10;5;4096;20;01101011011000110000101000011111001001101000100101;01101011011000110000101000011111001001101000100101;326773
10;5;4096;20;10110111011000110001001000000010000000100101110011;10110111010000010001001000000010000000100101110011;351319
10;5;4096;20;11001000110011111101010101101001000100111101110111;00000000000000000000000000000000000000000000000000;377216
10;5;4096;20;10111010100001110000011001111111101011101110100101;00000001100000000000000000000000000000000000000001;451959
10;5;4096;20;00011101100110011101101100000010111010111001001000;11001110011100111001110011100111001110011100111001;385654
10;5;4096;20;00101011111001110110100001110110000110101000001010;00000000000000000000000000000000000001110000000000;338302
10;5;4096;20;01011011100010000110111101010100000101010111100111;00000000000000000000000000000000000000000000000000;328025
10;5;4096;20;10000011011111001010101110100101100000100001000110;11001011011100111001110011100111001110011100111001;349854
10;5;4096;20;10011100011000001100001100111110011000111110001000;11001110011100111001110011100111001110011100111001;435651
10;5;4096;20;01001110110101110110010000110100110100100011100100;00000000000000000000000000000000000000000000000000;360459
10;5;4096;20;01000010110011110011111111111001110100100110110111;00000000000000000000000000000000000000000000000000;362274
10;5;4096;20;00100011010100010001001010111111001000010001101000;00100011010100010001001010111111001000010001101000;329686
10;5;4096;20;11110010001011000100110001111000111011100000011100;11110010000000000100110001111000111011100000011100;625829
10;5;4096;20;11111101101000001101011010000001011010100110011010;00000000000000000000000000000000000000000000000000;450209
10;5;4096;20;01010010111111101001001101010011001011001001101101;01010010111111101001001101010011001011001001101101;332325
10;5;4096;20;01100001100110010000101001001100010110010001000110;01100001100110010000000001001100010110010001000110;329399
10;5;4096;20;01101101010101100011011010110010010101111101000100;11001110011100111001110011100111001110011100111001;348613
10;5;4096;20;00010001111001010101010100001110011101110011111001;00000000000000000000000000000000000000000000000000;316733
10;5;4096;20;11011010111111111101111011001110110000101110010010;00000000000000000000000000000000000000000000000000;428177
10;5;4096;20;10111000101111000001001101110110001110110101000101;00000000000000000000000000000000000000000000000000;408897
10;5;4096;20;10001010000010101010100101111110110100001111000110;10001000000010101010100101111110110100001111000110;345709
10;5;4096;20;10011010101011110011101100000010101100011111100111;10011010101011110011101100000010101100011111100111;468323
10;5;4096;20;10011011101011010101011100111110110100010111111100;00000000000000000000000000000000000000000000000000;337319
10;5;4096;20;11110110111011011110101101000001100111111000101010;00000000000000000000000000000000000000000000000000;450057
10;5;4096;20;11110000101111101010101001100011110111010010011001;11110000101111101010101001100001011000110011111001;370886
10;5;4096;20;01011101010001111110101010000010000111010110100010;00000000000000000000001110000010000111010110100010;510887
10;5;4096;20;01101001110000010010010111000011100101000010011110;00000000000000000000000000000000000000000000000000;320730
10;5;4096;20;10000011001101010110001001010000001111101000001000;00000000000000000000000000000000000000000000000000;346459
10;5;4096;20;10111010101101001011101011000110101010110101000110;10111010101101001011101011000110101010110101000110;350302
10;5;4096;20;10010010000010100011011101100001010110011000111111;00000000000000000000000000000000000000000000000000;589682
10;5;4096;20;00010000101001111101010000001010001010110111011010;00000000000000000000000000000010001010110111000000;606018
10;5;4096;20;11101110001110001110101111100110011110001101101001;00000000000000000000000000000000000000000000000000;354159
10;5;4096;20;10100010110101010000010100000011000001011111101111;00000000000000000000000000000000000000000000000000;339639
10;5;4096;20;00000000111000000010111001110001011010000000111001;00000000000000000000000000000000000000000000000000;448449
10;5;4096;20;00100110111100000100001011111110100010100000110010;11001110011100111001110011100111001110011100111001;322474
10;5;4096;20;11011001110100110100100000111001101000001011000010;11011001110100110100100000111001101000001011000010;368713
10;5;4096;20;00000100010011111110000111001000000110001000101011;00000100010011100000000111001000000110001000101011;425834
10;5;4096;20;00110110000011010111011000111011011111110010101000;00110000000011010111011000111011011111110010101000;331685
10;5;4096;20;01111010110100011001001010001110001010010101100001;00000000000000000000000000000000000000000000000000;422612
10;5;4096;20;00110100111111010111000010101100001101010100010111;00000000000000000000000000000000000000000000000000;330147
10;5;4096;20;11001100101001010110011111001011110101101110001111;00000000000000000000000000000000000000000000000000;325916
10;5;4096;20;10110111100000011100001100110110000110001010001010;00000000000000000000000000000000000000000000000000;728268
10;5;4096;20;00111011000101110000010000101111101001100100011101;00000000000000000000000000000000000000000000000000;395297
10;5;4096;20;01101100100000111101011000101010010000111001000000;01101100100000111101011000101010010000111001000000;338260
10;5;4096;20;01110101100011101000111011000000110011010010010100;00000000000000000000000001000000110011010010000000;524695
10;5;4096;20;01101011011010010011011011000010010100110110111110;01101011011010010011011011000010010100110110111110;337849
10;5;4096;20;01010100110000101010001011010110110011110000010000;01010100110000101010001011010110110011110000010000;409987
10;5;4096;20;00010011011101110110101011100000101100011101110110;00000000000000000000000000000000000000000000000000;528550
10;5;4096;20;00000001001011110010011001011110100011111111010011;00000000000000000000000000000000000000000000000000;381997
10;5;4096;20;11011101011011000101011110001101111100100011100001;11011101011011000101011110001101111000100011100001;338291
10;5;4096;20;00000110101010110111010010110001010111101010110010;00000110101010110111010010110001010111101010110010;347338
10;5;4096;20;00101011000110111111100001010011011110010001110000;11001110011100101101110011100111001110010110111001;394949
10;5;4096;20;11101011110101101000010010010110000000101000000011;11101011110101101000010010010110000000101000000011;446468
10;5;4096;20;00100111000001110001100010001100001010000101000011;00000000000000000000000000000000000000000000000000;417982
10;5;4096;20;00000110010101111110111111011110011110111000011100;00000110010101111110111111011110011110111000011100;361048
10;5;4096;20;00111100010111010000110001011110100110010011010111;00000000000000000000000000000010100110010011010111;600200
10;5;4096;20;00000001100011010110111110111111000010101111110001;00000000000000000000000000000000000000000000000000;427811
10;5;4096;20;00001111010101101111010000001010110001010000000101;00001111010101101111010000001010110001010000000101;373623
10;5;4096;20;10111011111011100100010101011010010101010101110011;00000000000000000000000000000000000000000000000000;647739
10;5;4096;20;10001101111100100010001000000010101110100101001110;00000000000000000000000000000000000000000000000000;336567
10;5;4096;20;10110010100101110001111001000111000000100010101111;10110010100101110001111001000111000000100010101111;382113
10;5;4096;20;11100000100010110111001010110001010000011101110001;11100000100010110111001010110001010000011101110001;335504
10;5;4096;20;00001111001000001010100111101110101101011001000001;00000000000000000000000000000000000000000000000000;467637
10;5;4096;20;01101101101011010101111100111101101101010000001011;00000000000000000000000000000001101101010000001011;533106
10;5;4096;20;10100101100101010000101001001011010110000100110111;00000011110000000000000100000000000000000000000000;541091
10;5;4096;20;10000100011101101111001101010000000000101000111011;10000100011101101111001101010000000000101000111011;513642
10;5;4096;20;11001001010111101001010100100110010110000010001110;00000000000000000000000000000000000000000000000000;326154
10;5;4096;20;10000010101001100010100111000011111110110010100001;00000000000000000000000000000000000000000000000000;344492
10;5;4096;20;01110001100010000111001011000110111100110100100000;00000000000000000000000000000000000000000000000000;397949
10;5;4096;20;10110001101111000101010011100000111101101000000001;00000000000000000000000000000000000101101000000001;495414
10;5;4096;20;10000010000101011110101100100001001010010001001110;11001110011100111001110011100111001110011100111001;342429
10;5;4096;20;01110110101000100110011011101110110010111111001101;00000000000000000000000000000000000000000000000000;320687
10;5;4096;20;01110100001011000110110101000101011101010010010100;00000000000000000000000000000000000101010010010100;472444
10;6;4096;20;110001001010111111110101000101110011011010011100011001100111;110001001010111111110101000101110011011010011100011001100111;488122
10;6;4096;20;110001001010111111110101000101110011011010011100011001100111;110001001010111111110101000101110011011010011100011001100111;481535
10;6;4096;20;110100000000110100101101010101001111010001000111111111111010;110100000000110100101101010101001111010001000111111111111010;502975
10;6;4096;20;000011001000011111000101000100101000110110001101000100111010;000000000000010101110000000100000000110100000000101011000000;690003
10;6;4096;20;101110011001000110011111001100011110010000100011001111011101;101110011001000110011111001100011110010000100011001111011101;505977
10;6;4096;20;100100110000111100000110110000001000011010101101110100011011;000000000000000000000000000000000000000000000000000000000000;502022
10;6;4096;20;001111110110011101011010110000110001000110001011100110111101;110001011011011011011011011011110111011011011011011011011011;506138
10;6;4096;20;000101111010000110110110110110101111001110110100001111110101;000000000000000000000000000000000000001110110100001111110101;571013
10;6;4096;20;010111011110110011010101011101111101001000101001100001111000;000000000000000000000000000000000000000000000000000000000000;532631
10;6;4096;20;011011101100100111010111001001010111101001010111001000000011;011011011011011011011011011011011011011011011011011011011011;507455
10;6;4096;20;011110000011110010010000001000110101001001101001100001101111;011110000011110010010000001000110101001001101001100001101111;482453
10;6;4096;20;100111101001011001110010101100001101011101011001011010111111;100111101001011001110010101100001101011101011001011010111111;487309
10;6;4096;20;100110000101111101110011101111000000101100101001001011010000;000000000000000000000000000000000000000000000000000000000000;1192859
10;6;4096;20;101100110000111110000111110010001111101111110111110110101010;101100110000111110000111110010001111000000110111110110101010;560761
10;6;4096;20;100010010111101101000000000101011010000101111000010000011011;000000000000000000000000000000000000000000000000000000000000;492544
10;6;4096;20;000010110010000100010101000010000111001111010110011011010101;000000000000000000000000000000000000000000000000000000000000;474072
10;6;4096;20;111101110111100111111100001101001100100010011111110101111100;000000000000000000000000000000000000100010011111110101111100;556972
10;6;4096;20;011111110001000011111001111100000011011111111010110110111001;000000000000000000000000000000000000000000000000000000000000;489332
10;6;4096;20;100011000111001011100000010011011111010011110001111001010110;000000000000000000000000000000000000000000000000000000000000;485800
10;6;4096;20;000110001001011101111100011100001010001110000111100000011001;000000000000000000000000000000000000000000000000000000000000;676062
10;6;4096;20;100111101110111111011011100001000111011000010101001011000111;100111101110111111011011100001000111011000010101001011000111;502333
10;6;4096;20;101011100011010011110110000001100010001110100000111100110000;000000000000000000000000000000000000000000000000000000000000;495713
10;6;4096;20;101010100001101001110110110010010001111100101111001011000010;000000000000000000000000000000000000000000000000000000000000;497698
10;6;4096;20;001100100000110111101001100010010010000111101001111000001110;000000000000000000000000000000000000000000000000000000000000;480725
10;6;4096;20;111111000110101000011101110101111101111100001110101101001001;111111000110101000011101110101111101111100001110101101001001;480856
10;6;4096;20;100000000011100110011011000001111000000011000110110011011101;100000000011100110011011000001111000000011000110110011011101;499854
10;6;4096;20;001100100110011101011010001100101001110110001000111010110101;000000000000000000000000000000000000000000000000000000000000;486946
10;6;4096;20;101001011001101011011000110000101000011111001001101000100101;101001011001101011011000110000101000011111001001101000100101;566774
10;6;4096;20;000110110110110111011000110001001000000010000000100101110011;000000000000000000000000000000000000000000000000100101110011;780848
10;6;4096;20;110010010111001000110011111101010101101001000100111101110111;110010010111001000110011111101010101101001000100111101110111;485494
10;6;4096;20;100000101010111010100001110000011001111111101011101110100101;000000000000000000000000000000000000000000000000000000000000;493218
10;6;4096;20;110001011000011101100110011101101100000010111010111001001000;110001011000011101100110011101101100000010111010111001001000;483606
10;6;4096;20;110111101000101011111001110110100001110110000110101000001010;110111101000101011111001110110100001110110000110101000001010;486847
10;6;4096;20;100110001001011011100010000110111101010100000101010111100111;100110001001011011100010000110111101010100000000010111100111;576213
10;6;4096;20;100001111110000011011111001010101110100101100000100001000110;000000000000000000000000000000000000000000000000000000000000;709044
10;6;4096;20;111110101110011100011000001100001100111110011000111110001000;000000000000000000000000000000000000000000000000000000000000;537311
10;6;4096;20;010011110001001110110101110110010000110100110100100011100100;010011110001001110110101110110010000110100110100100011100100;487713
10;6;4096;20;000110010101000010110011110011111111111001110100100110110111;011011011011011011011011011011011011011011011011011011011011;487541
10;6;4096;20;101000110100100011010100010001001010111111001000010001101000;110001110001011011011011011011011011011011011011011011011011;569410
10;6;4096;20;101100010011110010001011000100110001111000111011100000011100;100001011011011011011011011011110001110001011011011011011011;482333
10;6;4096;20;001111011111111101101000001101011010000001011010100110011010;000000000000000000000000000000000000000000000000000000000000;489901
10;6;4096;20;011001010101010010111111101001001101010011001011001001101101;000000000000000000000000000000000000000000000000001001101101;756768
10;6;4096;20;110011101101100001100110010000101001001100010110010001000110;110011101101100001100110010000101001001100010110010001000110;662971
10;6;4096;20;100100101101101101010101100011011010110010010101111101000100;000000000000000000101101000000000110000000000000000000000000;2398105
10;6;4096;20;011110001000010001111001010101010100001110011101110011111001;000000000000000000000000000000000000000000000000000000000000;470679
10;6;4096;20;100100111111011010111111111101111011001110110000101110010010;100100111111011010111111111101111011001110110000101110010010;471893
10;6;4096;20;000101110010111000101111000001001101110110001110110101000101;000101110010111000101111000001001101110110001110110101000101;537781
10;6;4096;20;000011101010001010000010101010100101111110110100001111000110;000000000000000000000000000000000000000000000000000000000000;644803
10;6;4096;20;101111011110011010101011110011101100000010101100011111100111;000000000000000000000000000000000000000000000000000000000000;670712
10;6;4096;20;000011101110011011101011010101011100111110110100010111111100;000011101110011011101011010101011100111110110100010111111100;585335
10;6;4096;20;110111111111110110111011011110101101000001100111111000101010;000000000000000000000000000000000000000000000000000000000000;630212
10;6;4096;20;000010101111110000101111101010101001100011110111010010011001;000000000000000000000000000000000000000000000000000000000000;504496
10;6;4096;20;100100101101011101010001111110101010000010000111010110100010;100100101101011101010001111110101010000010000111010110100010;615438
10;6;4096;20;101110001001101001110000010010010111000011100101000010011110;000000000000000000000000000000000000000000000000000000000000;637208
10;6;4096;20;010000110110000011001101010110001001010000001111101000001000;000000000000000000000000000000000000000000000000000000000000;822663
10;6;4096;20;001000110110111010101101001011101011000110101010110101000110;001000110110111010101101001011101011000110101010110101000110;490246
10;6;4096;20;100100111010010010000010100011011101100001010110011000111111;100100111010010010000010100011011101100001010110011000111111;519613
10;6;4096;20;100010011100010000101001111101010000001010001010110111011010;100010011100000000101001111101010000001010001010110111011010;538803
10;6;4096;20;100010010011101110001110001110101111100110011110001101101001;000000000000000000000000000000000000000000000000000000000000;826668
10;6;4096;20;000001000110100010110101010000010100000011000001011111101111;000001000110100010110101010000010100000011000001011111101111;544021
10;6;4096;20;100010000100000000111000000010111001110001011010000000111001;011011011011011011011011011011011011011011011011011011011011;630717
10;6;4096;20;001101111000100110111100000100001011111110100010100000110010;001101111000100110111100000100001011111110100010100000110010;487637
10;6;4096;20;001000010011011001110100110100100000111001101000001011000010;001000010011011001110100110100100000111001101000001011000010;587607
10;6;4096;20;011001100100000100010011111110000111001000000110001000101011;000000000000000000000000000000000000000000000000000000000000;491067
10;6;4096;20;011011110100110110000011010111011000111011011111110010101000;000000000000000000000000000000000000000000000000000000000000;576691
10;6;4096;20;011000011101111010110100011001001010001110001010010101100001;000000000000000000000000000000000000000000000000000000000000;483010
10;6;4096;20;111000101000110100111111010111000010101100001101010100010111;000000000000000000000000000000000000000000000000000000000000;732041
10;6;4096;20;010010011111001100101001010110011111001011110101101110001111;000000000000000000000000000000000000000000000000000000000000;480559
10;6;4096;20;011010001110110111100000011100001100110110000110001010001010;000000000000000000000000000000000000000000000000000000000000;627588
10;6;4096;20;010010111000111011000101110000010000101111101001100100011101;010010111000111011000101110000010000101111101001100100011101;631281
10;6;4096;20;001011010001101100100000111101011000101010010000111001000000;001011010001101100100000111101011000101010010000111001000000;468710
10;6;4096;20;101011011001110101100011101000111011000000110011010010010100;101011011001110101100011110100111011000000110011010010010100;623112
10;6;4096;20;001000110101101011011010010011011011000010010100110110111110;000000000000000000000000000000000000000000000000000000000000;666904
10;6;4096;20;001001000001010100110000101010001011010110110011110000010000;000000000000000000000000000000000000010110110011110000010000;618827
10;6;4096;20;110010111100010011011101110110101011100000101100011101110110;000000000000010011011101110110101011100000101100011101110110;629839
10;6;4096;20;010111000100000001001011110010011001011110100011111111010011;010111000100000001001011110010011001011110100011111111010011;583434
10;6;4096;20;001011110011011101011011000101011110001101111100100011100001;001011110011000000011011000101011110001101111100100011100001;542398
10;6;4096;20;110010001100000110101010110111010010110001010111101010110010;110010001100000110101010110111010010110001010111000000110010;502799
10;6;4096;20;001110101100101011000110111111100001010011011110010001110000;001110101100101011000110111111100001010011011110010001110000;481395
10;6;4096;20;111000111011101011110101101000010010010110000000101000000011;111000111011101011110101101000010010010110000000101000000011;477477
10;6;4096;20;000001000100100111000001110001100010001100001010000101000011;000000000000000000000000000000000000000000000000000000000000;580584
10;6;4096;20;111110011100000110010101111110111111011110011110111000011100;111110000000000110000000111110111111011110011110111000011100;661637
10;6;4096;20;101111100000111100010111010000110001011110100110010011010111;000000000000000000000000000000110001011110100110010011010111;737205
10;6;4096;20;011001101000000001100011010110111110111111000010101111110001;000000000000000000000000000000000000000000000000000000000000;631790
10;6;4096;20;110110110100001111010101101111010000001010110001010000000101;110110110100001111010101101111010000001010110001010000000101;487365
10;6;4096;20;111000010010111011111011100100010101011010010101010101110011;000000000000000000000000000000000000000000000000000000101001;630684
10;6;4096;20;001101011110001101111100100010001000000010101110100101001110;001101011110001101111100100010001000000010101110100101001110;521882
10;6;4096;20;101100001010110010100101110001111001000111000000100010101111;101100001010110010100101110001111001000111000000100010101111;461438
10;6;4096;20;000100011111100000100010110111001010110001010000011101110001;011011011011011011011011011011011011011011011011011011011011;605834
10;6;4096;20;011111001000001111001000001010100111101110101101011001000001;000000000000000000000000000000000000000000000000000000000000;638998
10;6;4096;20;111010110101101101101011010101111100111101101101010000001011;111010110101101101101011010101111100111101000000010000001011;1012540
10;6;4096;20;101000100010100101100101010000101001001011010110000100110111;000000000000000000000000000000000000000000000000000000000000;593710
10;6;4096;20;101000011110000100011101101111001101010000000000101000111011;000000011110000100011101101111001101010000000000101000111011;530367
10;6;4096;20;101110111011001001010111101001010100100110010110000010001110;011011011011011011011011011011011011011011011011011011011011;609536
10;6;4096;20;111110000010000010101001100010100111000011111110110010100001;000000000000000000000000000000000000000000000000000000000000;497702
10;6;4096;20;010110010001110001100010000111001011000110111100110100100000;010110010001110001100010000111001011000110111100110100100000;552638
10;6;4096;20;111100101110110001101111000101010011100000111101101000000001;111100101110110001101111000101010011100000111101101000000001;627845
10;6;4096;20;100010010110000010000101011110101100100001001010010001001110;011011011011011011110001011011011011011011011011011011011011;636932
10;6;4096;20;001000110101110110101000100110011011101110110010111111001101;000000000000000000101110000000000000000000000000000000000000;659973
10;6;4096;20;101100000001110100001011000110110101000101011101010010010100;000000000000000000000000000000000000000000000000000000000000;494662
